ProteinID,Gene,Site,Position,Sequence,log2FC,PValue,LocalizationProb,Regulation
EGFR,P00818,S1068,1068,TVASGSRAR,2.34,0.0012,0.95,Up
EGFR,P00533,T702,702,GTRTRHHT,1.89,0.0034,0.92,Up
TP53,P04637,S15,15,PSRVRPHS,2.12,0.0008,0.98,Up
TP53,P04637,S392,392,STSRHSSLL,1.45,0.0067,0.88,Up
AKT1,P31749,S473,473,RGSSSHPK,2.67,0.0003,0.97,Up
AKT1,P31749,T308,308,ECSERSHR,2.34,0.0009,0.94,Up
MAPK1,P28482,T183,183,IGRGGYGK,1.78,0.0045,0.91,Up
MAPK1,P28482,Y187,187,VGAYAEAP,1.56,0.0067,0.89,Up
MAPK3,P27361,T202,202,VAAGGGFGR,1.89,0.0034,0.93,Up
MAPK3,P27361,Y204,204,EEGAVNFK,2.01,0.0018,0.96,Up
MTOR,P42345,S2481,2481,RSSRRSSRK,2.45,0.0006,0.94,Up
MTOR,P42345,S2448,2448,GSSRTRTTS,-1.23,0.0123,0.87,Down
GSK3B,P49818,S9,9,SGSSSKSGK,-1.67,0.0056,0.90,Down
CDK1,P06493,Y15,15,DSEKQISSL,2.12,0.0011,0.93,Up
CDK1,P06493,T14,14,EGISPSLKR,1.89,0.0023,0.91,Up
STAT3,P40763,Y705,705,RDGAAMFKA,2.34,0.0007,0.96,Up
STAT3,P40763,S727,727,ESSSTPGLS,-0.89,0.0234,0.85,Down
JUN,P05412,S63,63,GRPGRERS,-1.45,0.0067,0.88,Down
JUN,P05412,S73,73,RPRAASLPR,-1.23,0.0123,0.84,Down
FOS,P01100,S374,374,APELFRA,-0.78,0.0345,0.82,Down
NFKB1,P19838,S933,933,RSSRGQGSR,2.01,0.0018,0.92,Up
RELA,Q04201,S536,536,RESTESSGPR,1.89,0.0023,0.94,Up
RB1,P06400,S780,780,LSPVRGVTI,-1.56,0.0045,0.89,Down
RB1,P06400,S795,795,TSPRGNRID,-1.34,0.0078,0.86,Down
ATM,Q13315,S1981,1981,RSSNSRGGS,2.12,0.0009,0.95,Up
ATR,Q13535,S428,428,RSSNSPLHK,1.78,0.0034,0.91,Up
CHK1,O14757,S345,345,RSSNSGGKS,2.01,0.0012,0.93,Up
CHK2,O96017,T68,68,AAKRRVGRS,-1.23,0.0156,0.85,Down
MDM2,Q00987,S166,166,RAHSASLPA,-0.67,0.0456,0.78,NS
