ProteinID,Gene,Site,Position,Sequence,Intensity,log2FC,PValue,Regulation
PROT_001,GAPDH,K184,184,MKLAVLGAAG,2456.78,1.89,0.0023,Up
PROT_001,GAPDH,K334,334,GVCHTDLHA,1890.34,1.23,0.0156,Up
PROT_002,PKM2,K311,311,AHQISDAKL,3456.90,-0.78,0.0456,Down
PROT_002,PKM2,K358,358,LAKNGDLRK,2134.56,-1.12,0.0234,Down
PROT_003,LDHA,K99,99,TLKAAIQA,4567.23,2.34,0.0008,Up
PROT_004,NDUFA9,K156,156,AVKCAITGK,1234.89,1.56,0.0089,Up
PROT_004,NDUFA9,K234,234,GCVKVPFG,987.45,-0.45,0.0890,NS
PROT_005,SDHA,K201,201,KATVVQNE,2890.12,1.78,0.0034,Up
PROT_006,COX5B,K88,88,CAVNKVGI,1678.34,-1.45,0.0123,Down
PROT_007,ATP5A1,K145,145,VAACAAAGK,4567.89,2.01,0.0012,Up
PROT_007,ATP5A1,K289,289,LLKGDVV,3456.12,1.34,0.0067,Up
PROT_008,MTOR,K121,121,AAVKMSFK,2345.67,-0.67,0.0567,NS
PROT_009,HIF1A,K547,547,AAVFFKAA,1890.45,1.67,0.0045,Up
PROT_010,STAT3,K180,180,AVFFKNGK,2567.89,-1.23,0.0189,Down
PROT_011,AKT1,K163,163,GAKEVFSK,3456.78,1.89,0.0023,Up
PROT_012,GSK3B,K183,183,TAVVTRPK,1789.34,-0.89,0.0345,Down
PROT_013,CDK1,K145,145,KAAKAVTR,2345.67,2.12,0.0009,Up
PROT_014,CCNB1,K234,234,AAKRAAPE,1567.89,1.45,0.0089,Up
PROT_015,TP53,K120,120,AAAVKLPQ,2890.12,-1.78,0.0034,Down
PROT_016,MDM2,K156,156,AVKAAVTR,1234.56,0.56,0.0789,NS
PROT_017,BCL2,K89,89,AAKLSGGK,3456.78,1.23,0.0156,Up
PROT_018,BAX,K67,67,GVVGALLC,2123.45,-1.34,0.0123,Down
PROT_019,CASP3,K145,145,AVKLCASC,1890.67,1.56,0.0067,Up
PROT_020,PARP1,K237,237,AAVKGVVG,4567.12,2.01,0.0008,Up
